name,role
Alice Johnson,Designer
Brian Lee,Engineer
Carla Gomez,Researcher
David Kim,Manager
Ella Patel,Analyst
Frank Wu,Developer
Grace Nguyen,Teacher
Hector Ramirez,Student
Ivy Chen,Consultant
Jason Miller,Writer
Kara Singh,Nurse
Liam Brown,Architect
Maya Davis,Scientist
Noah Wilson,Planner
Olivia Moore,Accountant
Paul Taylor,Technician
Quinn Anderson,Producer
Rosa Thomas,Editor
Sam Jackson,Chef
Tina White,Librarian
Uma Harris,Coordinator
Victor Martin,Specialist
Wendy Clark,Administrator
Xavier Lewis,Strategist
Yara Walker,Advisor
Zane Hall,Operator
Amelia Young,Assistant
Blake Allen,Director
Chloe King,Facilitator
Derek Wright,Inspector
Elena Scott,Trainer
Felix Green,Mediator
Gina Adams,Marketer
Henry Baker,Curator
Isla Nelson,Investigator
Jared Carter,Mentor
Keira Mitchell,Programmer
Logan Perez,Advocate
Nina Roberts,Designer
Owen Turner,Engineer
Priya Phillips,Researcher
Rafael Campbell,Manager
Sofia Parker,Analyst
Theo Evans,Developer
Ursula Edwards,Teacher
Vince Collins,Student
Willow Stewart,Consultant
Xena Sanchez,Writer
Yusuf Morris,Nurse
Zoey Rogers,Architect
Aaron Reed,Scientist
Bella Cook,Planner
Caleb Morgan,Accountant
Diana Bell,Technician
Ethan Murphy,Producer
Farah Bailey,Editor
Gavin Rivera,Chef
Hannah Cooper,Librarian
Ian Richardson,Coordinator
Julia Cox,Specialist
Kyle Howard,Administrator
Layla Ward,Strategist
Miles Torres,Advisor
Nora Peterson,Operator
Oscar Gray,Assistant
Piper Ramirez,Director
Quentin James,Facilitator
Rina Watson,Inspector
Sebastian Brooks,Trainer
Talia Kelly,Mediator
